Best K,Compared K,Paired Questions,Mean Difference,Std Difference,T Statistic,P Value,P Value Method,Significant 0.05
10,1,30,0.13877664139480003,0.1994324138880602,3.8113712542937774,0.0006660125166955224,scipy_t_distribution,True
10,2,30,0.09396892722162423,0.1693068008813103,3.0399783632983683,0.004975841477527859,scipy_t_distribution,True
10,3,30,0.05175122575625845,0.13016139261462814,2.1777051670895786,0.03770655042628925,scipy_t_distribution,True
10,5,30,0.035073239339929896,0.10024705062636063,1.9163061886835902,0.06522967163763839,scipy_t_distribution,False
10,7,30,0.004744047813566643,0.11994901006694646,0.2166272151744538,0.8300155863543528,scipy_t_distribution,False
10,15,30,0.05459268458709392,0.10905579769371523,2.741866590815753,0.010355998685816197,scipy_t_distribution,True
10,20,30,0.12580908321120035,0.1002905697837151,6.87088257275093,1.508084261996472e-07,scipy_t_distribution,True
